--GRUPY--8,9,10,11- arty, 32,33,34,35
insert into grupy (id_grupy, id_odznaki, data_rozpoczecia, maks_dzieci, min_dzieci) values
    (19,2, '2024-03-04', 15, 6),
    (20,5, '2024-03-04', 8, 3),
    (21,1, '2024-03-11', 12, 6),
    (22,10, '2024-03-11', 6, 3),
    (23,3, '2024-03-18', 9, 4),
    (24,4, '2024-03-18', 7, 3),
    (25,6, '2024-03-25', 9, 5),
    (26,1, '2024-03-25', 15, 4);
insert into harmonogram(id_instruktora, "data", godz_od, godz_do, id_klienta, id_grupy, czy_nieobecnosc, id_sportu)
values 
(32, '2024-03-04', 9, 12, null, 19, false, 2),
(32, '2024-03-05', 9, 12, null, 19, false, 2),
(32, '2024-03-06', 9, 12, null, 19, false, 2),
(32, '2024-03-07', 9, 12, null, 19, false, 2),
(32, '2024-03-08', 9, 12, null, 19, false, 2),
(8, '2024-03-04', 9, 12, null, 20, false, 1),
(8, '2024-03-05', 9, 12, null, 20, false, 1),
(8, '2024-03-06', 9, 12, null, 20, false, 1),
(8, '2024-03-07', 9, 12, null, 20, false, 1),
(8, '2024-03-08', 9, 12, null, 20, false, 1),
(9, '2024-03-11', 9, 12, null, 21, false, 1),
(9, '2024-03-12', 9, 12, null, 21, false, 1),
(9, '2024-03-13', 9, 12, null, 21, false, 1),
(9, '2024-03-14', 9, 12, null, 21, false, 1),
(9, '2024-03-15', 9, 12, null, 21, false, 1),
(33, '2024-03-11', 9, 12, null, 22, false, 2),
(33, '2024-03-12', 9, 12, null, 22, false, 2),
(33, '2024-03-13', 9, 12, null, 22, false, 2),
(33, '2024-03-14', 9, 12, null, 22, false, 2),
(33, '2024-03-15', 9, 12, null, 22, false, 2),
(10, '2024-03-18', 9, 12, null, 23, false, 1),
(10, '2024-03-19', 9, 12, null, 23, false, 1),
(10, '2024-03-20', 9, 12, null, 23, false, 1),
(10, '2024-03-21', 9, 12, null, 23, false, 1),
(10, '2024-03-22', 9, 12, null, 23, false, 1),
(34, '2024-03-18', 9, 12, null, 24, false, 2),
(34, '2024-03-19', 9, 12, null, 24, false, 2),
(34, '2024-03-20', 9, 12, null, 24, false, 2),
(34, '2024-03-21', 9, 12, null, 24, false, 2),
(34, '2024-03-22', 9, 12, null, 24, false, 2),
(35, '2024-03-25', 9, 12, null, 25, false, 2),
(35, '2024-03-26', 9, 12, null, 25, false, 2),
(35, '2024-03-27', 9, 12, null, 25, false, 2),
(35, '2024-03-28', 9, 12, null, 25, false, 2),
(35, '2024-03-29', 9, 12, null, 25, false, 2),
(11, '2024-03-25', 9, 12, null, 26, false, 1),
(11, '2024-03-26', 9, 12, null, 26, false, 1),
(11, '2024-03-27', 9, 12, null, 26, false, 1),
(11, '2024-03-28', 9, 12, null, 26, false, 1),
(11, '2024-03-29', 9, 12, null, 26, false, 1);
insert into dzieci_odznaki (id_klienta, id_odznaki, data_uzysk) values
(400, 2, '2023-12-06'),
(400, 4, '2023-12-30'),
(400, 6, '2024-02-08'),
(400, 8, '2024-02-13'),
(401, 1, '2024-02-22'),
(402, 3, '2024-02-26'),
(403, 6, '2024-02-17'),
(403, 8, '2023-12-02'),
(404, 1, '2024-02-29'),
(404, 3, '2024-02-24'),
(410, 8, '2024-01-25'),
(412, 3, '2024-02-12'),
(415, 12, '2023-12-11'),
(418, 16, '2024-02-23'),
(421, 15, '2024-01-31'),
(422, 1, '2024-01-25'),
(423, 1, '2023-12-26'),
(424, 1, '2023-12-08'),
(428, 1, '2024-01-31'),
(430, 1, '2024-02-27'),
(430, 3, '2024-01-06'),
(442, 3, '2023-12-10'),
(432, 3, '2024-01-11'),
(435, 3, '2023-12-23'),
(435, 4, '2024-01-01'),
(450, 3, '2024-01-11'),
(401, 3, '2024-01-25'),
(452, 2, '2024-02-09'),
(460, 2, '2023-12-23'),
(472, 2, '2023-12-05'),
(469, 2, '2024-01-19'),
(470, 4, '2024-01-03'),
(420, 4, '2024-01-15'),
(430, 4, '2024-01-20'),
(451, 4, '2023-12-30');



insert into dzieci_grupy (id_klienta, id_grupy) values 
(405, 19),
(406, 19),
(407, 19),
(408, 19),
(409, 19),
(413, 19),
(419, 19),
(420, 19),
(450, 19),
(454, 19),
(460, 19),
(474, 19),
(401, 20),
(450, 20),
(442, 20),
(432, 20),
(400, 20),
(430, 20),
(402, 20),
(500, 21),
(490, 21),
(495, 21),
(496, 21),
(412, 21),
(418, 21),
(409, 21),
(401, 21),
(400,22),
(403,22),
(410,22),
(422,23),
(423,23),
(424,23),
(428,23),
(430,23),
(452,24),
(460,24),
(472,24),
(469,24),
(435,25),
(420, 25),
(430, 25),
(470, 25),
(451, 25),
(472, 26),
(474,26),
(480,26),
(499,26),
(434, 26),
(473, 26),
(422, 26),
(418,26);
insert into harmonogram(id_instruktora, "data", godz_od, godz_do, id_klienta, id_grupy, czy_nieobecnosc, id_sportu)
values 
(7, '2024-01-05', 12, 15, 399, null, false, 1),
(7, '2024-01-05', 15, 20, null, null, true, null),
(8, '2024-01-05', 12,14 , 4,null, false, 1 ),
(8, '2024-01-05',14 ,16 , 375,null, false, 1 ),
(8, '2024-01-05',16 , 20, null,null, true, null),
(9, '2024-01-05', 12, 13 , 234,null, false, 1 ),
(9, '2024-01-05', 13, 15, 182,null, false, 1 ),
(9, '2024-01-05', 15, 18, 401, null,false, 1 ),
(9, '2024-01-05', 18, 20, null, null, true, null ),
(10, '2024-01-05',12 , 13, 320, null, false, 1 ),
(10, '2024-01-05',13 ,14 , 331, null, false, 1 ),
(10, '2024-01-05',14 , 17, 23, null, false, 1 ),
(10, '2024-01-05',17 , 18, 18, null, false, 1 ),
(10, '2024-01-05', 18, 20,null, null, true, null ),
(11, '2024-01-05',12 ,15 , 81, null, false, 1 ),
(11, '2024-01-05', 15, 16, null,null, true, null ),
(12, '2024-01-05', 9, 12, 88, null, false, 1),
(12, '2024-01-05', 12, 14, 12, null, false, 1),
(12, '2024-01-05', 14, 15, null, null, true, null),
(12, '2024-01-05', 15, 16, 15, null, false, 1),
(12, '2024-01-05', 16, 18, 23, null, false, 1),
(12, '2024-01-05', 18, 19, 451, null, false, 1),
(13, '2024-01-05',9 ,11 ,21 , null, false, 1),
(13, '2024-01-05',11 ,13 ,32 , null, false, 1),
(13, '2024-01-05',13 ,15 ,null , null, true, null),
(13, '2024-01-05',16 ,18 ,211 , null, false, 1),
(13, '2024-01-05',18 ,19 ,345 , null, false, 1),
(13, '2024-01-05',19 ,20 ,356 , null, false, 1),
(14, '2024-01-05',9 ,10 ,45 , null, false, 1),
(14, '2024-01-05',10 ,13 ,499 , null, false, 1),
(14, '2024-01-05',13 ,15 ,420 , null, false, 1),
(14, '2024-01-05',15 ,16 ,null , null, true, null),
(14, '2024-01-05',16 ,17 ,37 , null, false, 1),
(14, '2024-01-05',17 ,18 ,254 , null, false, 1),
(14, '2024-01-05',18 ,20 ,333 , null, false, 1),
(15, '2024-01-05',9 ,12, 75, null, false, 1),
(15, '2024-01-05',12 ,15 ,121 , null, false, 1),
(15, '2024-01-05',15 ,16 ,245 , null, false, 1),
(15, '2024-01-05', 16, 18,54 , null, false, 1),
(15, '2024-01-05', 18,20 ,454 , null, false, 1),

(16, '2024-01-05', 9, 12, 97, null, false, 1),
(16, '2024-01-05', 12, 14, 54, null, false, 1),
(16, '2024-01-05', 14, 15, null, null, true, null),
(16, '2024-01-05', 15, 16, 165, null, false, 1),
(16, '2024-01-05', 16, 18, 80, null, false, 1),
(16, '2024-01-05', 18, 19, 454, null, false, 1),
(17, '2024-01-05',9 ,11 ,28 , null, false, 1),
(17, '2024-01-05',11 ,13 ,71 , null, false, 1),
(17, '2024-01-05',13 ,15 ,null , null, true, null),
(17, '2024-01-05',16 ,18 ,23 , null, false, 1),
(17, '2024-01-05',18 ,19 ,9 , null, false, 1),
(17, '2024-01-05',19 ,20 ,300 , null, false, 1),
(18, '2024-01-05',9 ,10 ,15 , null, false, 1),
(18, '2024-01-05',10 ,13 ,311 , null, false, 1),
(18, '2024-01-05',13 ,15 ,482 , null, false, 1),
(18, '2024-01-05',15 ,16 ,null , null, true, null),
(18, '2024-01-05',16 ,17 ,27 , null, false, 1),
(18, '2024-01-05',17 ,18 ,337 , null, false, 1),
(18, '2024-01-05',18 ,20 ,214 , null, false, 1),
(19, '2024-01-05',9 ,12, 53, null, false, 1),
(19, '2024-01-05',12 ,15 ,205 , null, false, 1),
(19, '2024-01-05',15 ,16 ,37 , null, false, 1),
(19, '2024-01-05', 16, 18,92 , null, false, 1),
(19, '2024-01-05', 18,20 ,409, null, false, 1),

(20, '2024-01-05', 9, 12, 44, null, false, 1),
(20, '2024-01-05', 12, 14, 372, null, false, 1),
(20, '2024-01-05', 14, 15, null, null, true, null),
(20, '2024-01-05', 15, 16, 480, null, false, 1),
(20, '2024-01-05', 16, 18, 37, null, false, 1),
(20, '2024-01-05', 18, 19, 7, null, false, 1),
(21, '2024-01-05',9 ,11 ,299 , null, false, 1),
(21, '2024-01-05',11 ,13 ,70 , null, false, 1),
(21, '2024-01-05',13 ,15 ,null , null, true, null),
(21, '2024-01-05',16 ,18 ,28 , null, false, 1),
(21, '2024-01-05',18 ,19 ,97 , null, false, 1),
(21, '2024-01-05',19 ,20 ,412 , null, false, 1),
(22, '2024-01-05',9 ,10 ,352 , null, false, 1),
(22, '2024-01-05',10 ,13 ,308 , null, false, 1),
(22, '2024-01-05',13 ,15 ,401 , null, false, 1),
(22, '2024-01-05',15 ,16 ,null , null, true, null),
(22, '2024-01-05',16 ,17 ,90 , null, false, 1),
(22, '2024-01-05',17 ,18 ,339 , null, false, 1),
(22, '2024-01-05',18 ,20 ,212 , null, false, 1),
(23, '2024-01-05',9 ,12, 82, null, false, 1),
(23, '2024-01-05',12 ,15 ,411 , null, false, 1),
(23, '2024-01-05',15 ,16 ,222 , null, false, 1),
(23, '2024-01-05', 16, 18,402 , null, false, 1),
(23, '2024-01-05', 18,20 ,11, null, false, 1),

(24, '2024-01-05', 9, 12, 73, null, false, 1),
(24, '2024-01-05', 12, 14, 89, null, false, 1),
(24, '2024-01-05', 14, 15, null, null, true, null),
(24, '2024-01-05', 15, 16, 121, null, false, 1),
(24, '2024-01-05', 16, 18, 338, null, false, 1),
(24, '2024-01-05', 18, 19, 339, null, false, 1),
(25, '2024-01-05',9 ,11 ,340 , null, false, 1),
(25, '2024-01-05',11 ,13 ,21 , null, false, 1),
(25, '2024-01-05',13 ,15 ,null , null, true, null),
(25, '2024-01-05',16 ,18 ,45 , null, false, 1),
(25, '2024-01-05',18 ,19 ,11 , null, false, 1),
(25, '2024-01-05',19 ,20 ,434 , null, false, 1),
(26, '2024-01-05',9 ,10 ,333 , null, false, 1),
(26, '2024-01-05',10 ,13 ,311 , null, false, 1),
(26, '2024-01-05',13 ,15 ,89 , null, false, 1),
(26, '2024-01-05',15 ,16 ,null , null, true, null),
(26, '2024-01-05',16 ,17 ,1 , null, false, 1),
(26, '2024-01-05',17 ,18 ,411 , null, false, 1),
(26, '2024-01-05',18 ,20 ,205 , null, false, 1),
(27, '2024-01-05',9 ,12, 72, null, false, 1),
(27, '2024-01-05',12 ,15 ,22 , null, false, 1),
(27, '2024-01-05',15 ,16 ,31 , null, false, 1),
(27, '2024-01-05', 16, 18,100 , null, false, 1),
(27, '2024-01-05', 18,20 ,200, null, false, 1),

(28, '2024-01-05', 9, 12, 300, null, false, 1),
(28, '2024-01-05', 12, 14, 99, null, false, 1),
(28, '2024-01-05', 14, 15, null, null, true, null),
(28, '2024-01-05', 15, 16, 13, null, false, 1),
(28, '2024-01-05', 16, 18, 76, null, false, 1),
(28, '2024-01-05', 18, 19, 402, null, false, 1),
(29, '2024-01-05',9 ,11 ,14 , null, false, 1),
(29, '2024-01-05',11 ,13 ,73 , null, false, 1),
(29, '2024-01-05',13 ,15 ,null , null, true, null),
(29, '2024-01-05',16 ,18 ,312 , null, false, 1),
(29, '2024-01-05',18 ,19 ,401, null, false, 1),
(29, '2024-01-05',19 ,20 ,460 , null, false, 1),
(30, '2024-01-05',9 ,10 ,78 , null, false, 1),
(30, '2024-01-05',10 ,13 ,212 , null, false, 1),
(30, '2024-01-05',13 ,15 ,401 , null, false, 1),
(30, '2024-01-05',15 ,16 ,null , null, true, null),
(30, '2024-01-05',16 ,17 ,301 , null, false, 1),
(30, '2024-01-05',17 ,18 ,201 , null, false, 1),
(30, '2024-01-05',18 ,20 ,101 , null, false, 1),
(31, '2024-01-05',9 ,12, 97, null, false, 1),
(31, '2024-01-05',12 ,15 ,202 , null, false, 1),
(31, '2024-01-05',15 ,16 ,152 , null, false, 1),
(31, '2024-01-05', 16, 18,143 , null, false, 1),
(31, '2024-01-05', 18,20 ,67, null, false, 1),

(36, '2024-01-05', 9,12 ,67 , null, false, 2),
(36, '2024-01-05', 12, 13,321 , null, false, 2),
(36, '2024-01-05', 13, 15,89 , null, false, 2),
(36, '2024-01-05',15 ,16 ,77 , null, false, 2),
(36, '2024-01-05',16 , 19 ,2 , null, false, 2),
(36, '2024-01-05',19 ,20 , 22, null, false, 2),
(37, '2024-01-05', 9,15 ,null , null, true, null),
(37, '2024-01-05',15 ,17 ,55 , null, false, 2),
(37, '2024-01-05',17 ,19 ,342 , null, false, 2),
(37, '2024-01-05',19 , 20, null, null, true, null),
(32, '2024-01-05',12 ,15 ,172 , null, false, 2),
(32, '2024-01-05',15 ,16 ,228 , null, false, 2),
(32, '2024-01-05',16 ,17 ,334 , null, false, 2),
(32, '2024-01-05',17 ,18 ,500 , null, false, 2),
(32, '2024-01-05', 18, 20, null , null, true, null);



